latitude,longitude,brightness,scan,track,acq_date,acq_time,satellite,instrument,confidence,version,bright_t31,frp,daynight
53.57014,-0.59982,302.35,1.43,1.18,2023-02-01,0300,Aqua,MODIS,48,6.1NRT,275.76,15.57,N
53.56799,-0.60475,301.18,1.12,1.05,2023-02-03,2114,Terra,MODIS,38,6.1NRT,277.55,10.2,N
57.14471,-3.28265,301.99,1.13,1.06,2023-02-06,1248,Aqua,MODIS,50,6.1NRT,272.36,10.75,D
53.57099,-0.60935,301.46,1.09,1.04,2023-02-07,1108,Terra,MODIS,41,6.1NRT,277.31,9.51,D
53.56824,-0.59362,302.84,1.09,1.04,2023-02-07,1108,Terra,MODIS,51,6.1NRT,277.17,10.56,D
51.56192,-3.76594,309.44,1.01,1,2023-02-07,1110,Terra,MODIS,0,6.1NRT,281.57,11.01,D
51.56682,-3.76948,302.02,1.1,1.05,2023-02-09,1053,Terra,MODIS,38,6.1NRT,281.24,9.22,D
54.4558,-1.06074,317.67,1.14,1.07,2023-02-09,1316,Aqua,MODIS,0,6.1NRT,266.73,24.73,D
51.575,-3.77322,319.56,1.03,1.01,2023-02-10,0249,Aqua,MODIS,99,6.1NRT,271.79,23.55,N
53.36426,-1.68839,302.29,1,1,2023-02-11,1303,Aqua,MODIS,52,6.1NRT,278.26,7.69,D
53.41122,-1.67911,302.16,1.15,1.07,2023-02-13,1250,Aqua,MODIS,51,6.1NRT,281.11,9.55,D
57.14968,-3.30514,302.05,1.1,1.05,2023-02-13,1253,Aqua,MODIS,50,6.1NRT,278.15,9.56,D
52.7973,0.75824,325.43,1.1,1.05,2023-02-14,1102,Terra,MODIS,63,6.1NRT,282.24,29.83,D
57.00348,-2.96705,304.29,1.06,1.03,2023-02-14,1102,Terra,MODIS,59,6.1NRT,279.39,10.62,D
56.93748,-2.80526,302.62,1.05,1.02,2023-02-14,1102,Terra,MODIS,53,6.1NRT,276.13,9.08,D
56.93314,-2.7712,303.31,1.05,1.02,2023-02-14,1102,Terra,MODIS,56,6.1NRT,275.2,9.6,D
54.81904,-2.06114,315.59,1,1,2023-02-14,1102,Terra,MODIS,76,6.1NRT,281.4,17.07,D
51.15842,-3.22513,304.73,1.18,1.08,2023-02-14,1331,Aqua,MODIS,60,6.1NRT,283.71,10.65,D
52.13725,-3.87719,300.99,1.16,1.07,2023-02-14,1331,Aqua,MODIS,44,6.1NRT,281.83,6.81,D
52.13354,-3.91046,303.35,1.15,1.07,2023-02-14,1331,Aqua,MODIS,56,6.1NRT,283.27,8.71,D
57.38965,-3.63382,315.05,1.35,1.15,2023-02-15,1142,Terra,MODIS,63,6.1NRT,278.81,25.51,D
57.39254,-3.63735,308.81,1.35,1.15,2023-02-15,1142,Terra,MODIS,68,6.1NRT,279.03,18.17,D
56.92676,-2.85732,301.38,1.11,1.05,2023-02-17,1127,Terra,MODIS,47,6.1NRT,278.83,9.28,D
56.92365,-2.8399,308.76,1.11,1.05,2023-02-17,1127,Terra,MODIS,68,6.1NRT,278.76,14.52,D
53.56573,-0.59952,300.27,1.05,1.02,2023-02-20,1253,Aqua,MODIS,27,6.1NRT,284.13,4.92,D
54.17641,-1.75544,300.68,1.15,1.07,2023-02-23,1322,Aqua,MODIS,40,6.1NRT,279.71,8.45,D
53.56949,-0.5908,303.44,1.35,1.15,2023-02-24,1119,Terra,MODIS,49,6.1NRT,282.16,11.27,D
51.57233,-3.75897,303.57,2.03,1.39,2023-02-27,0321,Aqua,MODIS,56,6.1,272.32,31.54,N
50.41081,-3.93813,328.38,2.24,1.45,2023-02-27,1146,Terra,MODIS,86,6.1NRT,280.35,97.74,D
50.40947,-3.93393,328.23,2.24,1.45,2023-02-27,1146,Terra,MODIS,86,6.1NRT,280.12,95.83,D
56.87296,-2.72118,301.09,1.66,1.27,2023-03-03,1229,Aqua,MODIS,0,6.1NRT,273.66,14.04,D
53.56607,-0.59786,306.2,1.14,1.06,2023-03-07,1042,Terra,MODIS,63,6.1NRT,279.59,12.43,D
56.74369,-3.0595,305.19,1.05,1.02,2023-03-08,1121,Terra,MODIS,53,6.1NRT,275.38,10.33,D
56.74092,-3.04298,307.5,1.05,1.02,2023-03-08,1121,Terra,MODIS,62,6.1NRT,276.55,11.93,D
56.01938,-4.28912,306.92,1.02,1.01,2023-03-08,1121,Terra,MODIS,64,6.1NRT,273.18,12.29,D
55.61176,-3.15695,300.8,1.36,1.15,2023-03-08,1244,Aqua,MODIS,42,6.1NRT,276.03,12.98,D
56.77488,-2.90915,301.69,1.25,1.11,2023-03-08,1244,Aqua,MODIS,48,6.1NRT,276.89,11.28,D
56.61486,-3.54446,326.55,3.08,1.67,2023-03-10,1409,Aqua,MODIS,80,6.1NRT,277.76,145.25,D
56.61224,-3.54823,323.01,3.08,1.67,2023-03-10,1409,Aqua,MODIS,76,6.1NRT,277.69,124.3,D
52.13892,-0.27828,303.12,1.03,1.01,2023-03-13,1257,Aqua,MODIS,47,6.1NRT,284.15,6.39,D
53.56098,-0.59398,301.52,1.06,1.03,2023-03-18,1312,Aqua,MODIS,27,6.1NRT,282.35,4.68,D
51.57323,-3.77881,306.68,1,1,2023-03-19,0243,Aqua,MODIS,69,6.1NRT,277.29,11.84,N
51.57112,-3.76475,306.23,1,1,2023-03-19,0243,Aqua,MODIS,67,6.1NRT,278.13,11.77,N
53.56289,-0.6036,303.31,1.11,1.05,2023-03-19,1043,Terra,MODIS,46,6.1NRT,284.77,8,D
53.39682,-1.39368,302.21,1.05,1.02,2023-03-22,1106,Terra,MODIS,51,6.1NRT,286.05,5.49,D
53.39429,-1.37854,302.37,1.05,1.02,2023-03-22,1106,Terra,MODIS,52,6.1NRT,286.46,5.82,D
53.30374,-0.84309,300.87,1.07,1.03,2023-03-22,1106,Terra,MODIS,42,6.1NRT,284.9,6.16,D
53.18322,-0.46745,307.13,1.1,1.05,2023-03-22,1106,Terra,MODIS,65,6.1NRT,285.06,10.05,D
53.18045,-0.45163,305.11,1.1,1.05,2023-03-22,1106,Terra,MODIS,61,6.1NRT,285.33,8.66,D
51.0845,-1.1569,303.15,1.13,1.06,2023-03-22,1106,Terra,MODIS,55,6.1NRT,286.28,6.94,D
51.08173,-1.14141,302.38,1.13,1.06,2023-03-22,1106,Terra,MODIS,52,6.1NRT,286.28,6.53,D
52.54432,0.50146,302.13,1.15,1.07,2023-03-22,1244,Aqua,MODIS,29,6.1NRT,285.61,6.51,D
53.39956,-1.38048,300.72,1.27,1.12,2023-03-23,0215,Aqua,MODIS,33,6.1NRT,277.18,11.91,N
53.39621,-1.38627,303.23,1.27,1.12,2023-03-23,1327,Aqua,MODIS,44,6.1NRT,286.36,7.49,D
53.56215,-0.60195,321.13,1.29,1.13,2023-03-25,2104,Terra,MODIS,100,6.1NRT,277.33,34.19,N
53.56956,-0.58998,300,1.25,1.11,2023-03-27,1115,Terra,MODIS,6,6.1NRT,284.58,6.66,D
51.56546,-3.76715,303.99,1.09,1.04,2023-03-27,1117,Terra,MODIS,0,6.1NRT,286.31,8.27,D
50.83277,-0.63137,324.15,1.05,1.02,2023-03-27,1259,Aqua,MODIS,43,6.1NRT,286.55,23.7,D
50.92617,-3.64654,304.04,1.28,1.12,2023-03-27,1259,Aqua,MODIS,32,6.1NRT,283.89,10.84,D
52.79543,-1.1393,311.35,1.03,1.01,2023-03-27,1259,Aqua,MODIS,71,6.1NRT,286.25,12.68,D
53.56518,-0.59812,302.28,1.01,1,2023-03-27,1259,Aqua,MODIS,36,6.1NRT,284.87,5.21,D
56.36927,-3.2898,316.99,1.04,1.02,2023-03-27,1259,Aqua,MODIS,0,6.1NRT,284.8,18.02,D
53.56835,-0.59592,302.58,1.11,1.05,2023-03-30,2114,Terra,MODIS,50,6.1NRT,280.33,10,N
52.27243,-0.64026,300.87,1.05,1.02,2023-04-02,2138,Terra,MODIS,35,6.1NRT,274.16,9.81,N
57.32464,-3.83099,322.47,1.03,1.01,2023-04-03,1106,Terra,MODIS,82,6.1NRT,285.35,23.19,D
57.32679,-3.84746,332.17,1.03,1.01,2023-04-03,1106,Terra,MODIS,88,6.1NRT,285.68,35.41,D
53.56763,-0.59345,317.94,1.1,1.05,2023-04-03,1106,Terra,MODIS,74,6.1NRT,287.53,18.82,D
53.31448,-0.99113,319.78,1.08,1.04,2023-04-03,1106,Terra,MODIS,80,6.1NRT,284.75,19.67,D
53.3009,-0.91296,309.92,1.09,1.04,2023-04-03,1106,Terra,MODIS,63,6.1NRT,284.82,11.44,D
51.5631,-3.76671,305.05,1.01,1,2023-04-03,1108,Terra,MODIS,0,6.1NRT,288.62,6.77,D
50.6457,-1.23807,302.75,1.08,1.04,2023-04-03,1259,Aqua,MODIS,53,6.1NRT,286,6.73,D
50.75822,-0.80035,313.59,1.05,1.03,2023-04-03,1259,Aqua,MODIS,70,6.1NRT,286.81,14.09,D
50.85273,-1.89706,303.31,1.12,1.05,2023-04-03,1259,Aqua,MODIS,54,6.1NRT,288.89,5.93,D
51.11394,-0.97464,319.72,1.05,1.03,2023-04-03,1259,Aqua,MODIS,80,6.1NRT,288.5,19.53,D
51.16208,-1.07991,301.27,1.06,1.03,2023-04-03,1259,Aqua,MODIS,46,6.1NRT,286.29,5.36,D
51.28715,-0.88926,314.48,1.05,1.02,2023-04-03,1259,Aqua,MODIS,75,6.1NRT,287.55,14.26,D
51.61405,-3.07906,302.92,1.18,1.08,2023-04-03,1259,Aqua,MODIS,54,6.1NRT,284.62,7.13,D
52.12078,-1.96323,302.33,1.08,1.04,2023-04-03,1259,Aqua,MODIS,52,6.1NRT,288.1,6.06,D
52.1903,-1.78287,301.13,1.07,1.03,2023-04-03,1259,Aqua,MODIS,45,6.1NRT,287.44,5.17,D
52.75493,-1.49493,304.48,1.04,1.02,2023-04-03,1259,Aqua,MODIS,59,6.1NRT,286.26,6.95,D
52.87563,-1.73268,313.28,1.05,1.02,2023-04-03,1259,Aqua,MODIS,73,6.1NRT,286.46,13.66,D
53.56291,-0.59971,314,1.01,1,2023-04-03,1259,Aqua,MODIS,74,6.1NRT,290.76,12.35,D
53.27217,-2.83928,313.65,1.09,1.04,2023-04-03,1259,Aqua,MODIS,74,6.1NRT,289.08,14.68,D
53.26942,-2.85508,303.15,1.09,1.04,2023-04-03,1259,Aqua,MODIS,55,6.1NRT,288.08,6.32,D
53.6099,-2.18134,302.01,1.05,1.02,2023-04-03,1259,Aqua,MODIS,46,6.1NRT,289.89,3.94,D
53.56549,-2.81983,312.5,1.08,1.04,2023-04-03,1259,Aqua,MODIS,73,6.1NRT,287.7,13.66,D
54.81335,-1.95882,307.1,1.02,1.01,2023-04-03,1301,Aqua,MODIS,61,6.1NRT,286.19,9.62,D
54.82812,-2.03753,302.81,1.02,1.01,2023-04-03,1301,Aqua,MODIS,54,6.1NRT,284.37,6.88,D
54.84083,-2.1928,306.82,1.03,1.01,2023-04-03,1301,Aqua,MODIS,64,6.1NRT,283.83,9.61,D
56.92629,-2.87638,301.62,1.01,1.01,2023-04-03,1301,Aqua,MODIS,48,6.1NRT,284.65,6.22,D
56.92377,-2.89228,300.59,1.01,1.01,2023-04-03,1301,Aqua,MODIS,39,6.1NRT,284.93,5.67,D
51.56536,-3.76706,302.97,1.36,1.16,2023-04-04,1342,Aqua,MODIS,0,6.1NRT,290.56,8.86,D
51.82135,-3.43848,300.2,1.42,1.18,2023-04-04,1342,Aqua,MODIS,32,6.1NRT,287.14,6.52,D
53.56152,-0.60768,302.93,2,1.38,2023-04-04,1342,Aqua,MODIS,46,6.1NRT,291.83,12.53,D
54.36071,-0.81221,308.31,2,1.38,2023-04-04,1344,Aqua,MODIS,67,6.1NRT,286.89,26.89,D
57.37437,-3.76754,321.96,1.63,1.26,2023-04-04,1344,Aqua,MODIS,68,6.1NRT,281.24,44.92,D
53.56721,-0.59223,312.45,1.24,1.11,2023-04-07,1034,Terra,MODIS,68,6.1NRT,286.04,16.29,D
51.77122,-3.13709,302.75,1.48,1.2,2023-04-07,1036,Terra,MODIS,53,6.1NRT,286.44,9.31,D
57.3538,-3.79393,302.01,2.68,1.57,2023-04-07,1212,Terra,MODIS,50,6.1NRT,281.92,24.39,D
57.36294,-3.81575,324.67,1.61,1.25,2023-04-07,1234,Aqua,MODIS,83,6.1NRT,285.81,44.11,D
57.36231,-3.8195,322.13,1.61,1.25,2023-04-07,1234,Aqua,MODIS,60,6.1NRT,285.65,37.75,D
57.90888,-4.12188,304.54,1.58,1.24,2023-04-07,1234,Aqua,MODIS,59,6.1NRT,286.05,15.33,D
58.15511,-3.84127,310.76,1.52,1.22,2023-04-07,1234,Aqua,MODIS,70,6.1NRT,287.61,20.07,D
58.1564,-3.84704,306.95,1.52,1.22,2023-04-07,1234,Aqua,MODIS,64,6.1NRT,287.39,16.04,D
53.39865,-1.38485,309.93,1.18,1.08,2023-04-07,2146,Terra,MODIS,79,6.1NRT,276.8,17.62,N
53.40106,-1.39108,313.8,1.18,1.08,2023-04-07,2146,Terra,MODIS,88,6.1NRT,276.66,21.4,N
53.56223,-0.60296,300.27,1.25,1.11,2023-04-07,2146,Terra,MODIS,23,6.1NRT,275.93,11.23,N
54.86927,-2.13813,302.19,1.09,1.04,2023-04-08,1115,Terra,MODIS,41,6.1NRT,288.58,5.95,D
53.2355,-3.01964,306.83,1.1,1.04,2023-04-08,1117,Terra,MODIS,30,6.1NRT,291.19,7.23,D
53.10223,-2.46591,301.68,1.14,1.06,2023-04-08,1117,Terra,MODIS,48,6.1NRT,288.71,5.87,D
52.96802,-2.71959,300.32,1.12,1.06,2023-04-08,1117,Terra,MODIS,35,6.1NRT,287.47,5.33,D
50.65111,-3.39321,303.95,1.02,1.01,2023-04-08,1314,Aqua,MODIS,57,6.1NRT,282.45,7.14,D
57.74072,-5.7148,314.03,1,1,2023-04-08,1316,Aqua,MODIS,56,6.1NRT,284.36,13.23,D
58.06855,-5.39277,330.95,1,1,2023-04-08,1316,Aqua,MODIS,76,6.1NRT,289.76,29.37,D
58.06618,-5.40924,330.55,1,1,2023-04-08,1316,Aqua,MODIS,76,6.1NRT,288,28.98,D
51.56437,-3.76878,305.05,1.01,1,2023-04-10,1100,Terra,MODIS,0,6.1NRT,287.65,6.95,D
51.49305,-1.80096,304.37,1.08,1.04,2023-04-10,1259,Aqua,MODIS,33,6.1NRT,286.3,7.26,D
51.63772,-1.79198,314.72,1.08,1.04,2023-04-10,1259,Aqua,MODIS,75,6.1NRT,285.78,15.9,D
51.63514,-1.80704,309.24,1.08,1.04,2023-04-10,1259,Aqua,MODIS,68,6.1NRT,286.33,11.28,D
51.66463,-1.69093,309.76,1.07,1.03,2023-04-10,1259,Aqua,MODIS,69,6.1NRT,286.87,11.4,D
51.75698,-1.64075,332.18,1.07,1.03,2023-04-10,1259,Aqua,MODIS,88,6.1NRT,288.41,34.52,D
51.83522,-1.23036,305.74,1.05,1.02,2023-04-10,1259,Aqua,MODIS,59,6.1NRT,287.03,7.6,D
51.77993,-1.61882,318.91,1.07,1.03,2023-04-10,1259,Aqua,MODIS,79,6.1NRT,287.83,18.8,D
51.86023,-1.19408,300.39,1.04,1.02,2023-04-10,1259,Aqua,MODIS,36,6.1NRT,287.04,4.67,D
51.96553,-1.34689,303.05,1.05,1.02,2023-04-10,1259,Aqua,MODIS,55,6.1NRT,286.43,6.64,D
57.41864,-3.5884,320.55,1.02,1.01,2023-04-10,1301,Aqua,MODIS,80,6.1NRT,283.98,20.63,D
57.416,-3.60471,312.05,1.02,1.01,2023-04-10,1301,Aqua,MODIS,72,6.1NRT,283.6,13.05,D
51.56297,-3.76908,305.88,1.06,1.03,2023-04-13,1329,Aqua,MODIS,0,6.1NRT,291.71,7.47,D
53.57354,-0.59464,302.33,1.38,1.16,2023-04-14,0300,Aqua,MODIS,48,6.1NRT,274.64,15.7,N
57.41967,-3.68781,303.32,1.02,1.01,2023-04-15,1106,Terra,MODIS,48,6.1NRT,288.45,6.17,D
52.97522,-2.71714,301.53,1.03,1.01,2023-04-15,1108,Terra,MODIS,31,6.1NRT,287.64,5.08,D
53.79924,-1.221,300.2,1.07,1.03,2023-04-15,1108,Terra,MODIS,32,6.1NRT,285.96,4.52,D
53.5686,-0.58997,302.66,1.12,1.05,2023-04-15,1108,Terra,MODIS,47,6.1NRT,285.22,6.32,D
51.56805,-3.76606,307.5,1.02,1.01,2023-04-15,1108,Terra,MODIS,40,6.1NRT,289.41,8,D
51.11279,-2.80643,300.92,1.06,1.03,2023-04-15,1108,Terra,MODIS,39,6.1NRT,285.47,4.92,D
50.81231,-2.63782,303.95,1.08,1.04,2023-04-15,1108,Terra,MODIS,58,6.1NRT,285.35,7.4,D
50.76176,-0.80339,303.6,1.05,1.02,2023-04-17,1301,Aqua,MODIS,56,6.1NRT,289.47,5.4,D
51.57029,-3.76901,312.37,1.09,1.04,2023-04-18,0232,Aqua,MODIS,85,6.1NRT,281.74,17.07,N
53.56828,-0.5984,302.97,2.03,1.39,2023-04-18,1344,Aqua,MODIS,40,6.1NRT,291.25,11.91,D
53.5663,-0.62889,304.13,2.02,1.39,2023-04-18,1344,Aqua,MODIS,49,6.1NRT,293.24,13.67,D
53.56902,-0.6034,305.09,2.03,1.39,2023-04-18,1344,Aqua,MODIS,52,6.1NRT,291.66,14.72,D
57.52459,-4.59739,305.99,1.53,1.22,2023-04-18,1344,Aqua,MODIS,63,6.1NRT,291.24,11,D
57.302,-5.37124,301.27,2.39,1.49,2023-04-19,1212,Terra,MODIS,46,6.1NRT,290.18,17.83,D
56.79461,-5.73622,320.26,2.42,1.5,2023-04-19,1212,Terra,MODIS,75,6.1NRT,289.22,66.34,D
53.56476,-0.59731,304.66,1.16,1.07,2023-04-19,1246,Aqua,MODIS,40,6.1NRT,292.29,6.14,D
53.56763,-0.60586,304.21,1.16,1.07,2023-04-19,1246,Aqua,MODIS,43,6.1NRT,293.51,5.71,D
56.79124,-5.71693,302.74,1.45,1.19,2023-04-19,1249,Aqua,MODIS,49,6.1NRT,290.17,7.66,D
56.78616,-5.74039,316.81,1.45,1.19,2023-04-19,1249,Aqua,MODIS,73,6.1NRT,291.22,25.18,D
56.79671,-5.74493,354.68,1.45,1.19,2023-04-19,1249,Aqua,MODIS,85,6.1NRT,291.25,124.51,D
57.29688,-5.38203,308.85,1.37,1.16,2023-04-19,1249,Aqua,MODIS,64,6.1NRT,291.65,13.73,D
51.56392,-3.76853,303.93,1.02,1.01,2023-04-19,2146,Terra,MODIS,58,6.1NRT,282.04,8.95,N
56.81229,-5.74764,300.82,1.03,1.01,2023-04-19,2148,Terra,MODIS,6,6.1NRT,277.4,7.21,N
56.81021,-5.76379,311.43,1.03,1.01,2023-04-19,2148,Terra,MODIS,70,6.1NRT,278.21,14.16,N
56.82277,-5.73597,300.14,2.07,1.4,2023-04-20,0217,Aqua,MODIS,16,6.1NRT,275.49,22.03,N
57.34965,-5.29241,329.81,1.01,1,2023-04-20,1115,Terra,MODIS,86,6.1NRT,288.95,29.29,D
56.8156,-5.21268,303.29,1,1,2023-04-20,1117,Terra,MODIS,50,6.1NRT,290,4.63,D
56.82372,-5.74237,331.33,1.01,1.01,2023-04-20,1117,Terra,MODIS,86,6.1NRT,292.71,28.12,D
56.81936,-5.77855,322.99,1.01,1.01,2023-04-20,1117,Terra,MODIS,46,6.1NRT,291.59,17.14,D
56.81279,-5.79866,365.11,1.01,1.01,2023-04-20,1117,Terra,MODIS,94,6.1NRT,295.96,96.78,D
56.79962,-5.70215,324.32,1.01,1,2023-04-20,1117,Terra,MODIS,83,6.1NRT,294.65,20.04,D
56.80404,-5.80274,340.51,1.01,1.01,2023-04-20,1117,Terra,MODIS,17,6.1NRT,292.24,38.06,D
56.79089,-5.70634,318.1,1.01,1,2023-04-20,1117,Terra,MODIS,74,6.1NRT,293.51,13.5,D
55.86896,-3.18839,301.88,1.03,1.01,2023-04-20,1117,Terra,MODIS,50,6.1NRT,288.75,4.73,D
55.92337,-4.24451,314.7,1.01,1,2023-04-20,1117,Terra,MODIS,75,6.1NRT,288.04,12.98,D
53.56505,-0.59496,306.24,1.3,1.13,2023-04-20,1117,Terra,MODIS,56,6.1NRT,289.54,10.4,D
51.93118,-3.13591,309.08,1.15,1.07,2023-04-20,1117,Terra,MODIS,68,6.1NRT,288.99,11.23,D
51.92205,-3.14068,312.06,1.15,1.07,2023-04-20,1117,Terra,MODIS,72,6.1NRT,287.59,13.9,D
51.74962,-3.93147,309.31,1.1,1.05,2023-04-20,1117,Terra,MODIS,68,6.1NRT,289.61,10.17,D
51.7469,-3.91592,300.69,1.1,1.05,2023-04-20,1117,Terra,MODIS,40,6.1NRT,288.6,4.2,D
51.56057,-3.76153,310.27,1.12,1.06,2023-04-20,1117,Terra,MODIS,0,6.1NRT,293.1,10,D
51.56295,-3.76044,309.53,1.06,1.03,2023-04-20,1329,Aqua,MODIS,0,6.1NRT,297.16,8.22,D
51.92411,-3.14552,309.55,1.1,1.05,2023-04-20,1329,Aqua,MODIS,69,6.1NRT,288.56,9.87,D
56.81021,-5.22665,312.61,1.1,1.05,2023-04-20,1329,Aqua,MODIS,73,6.1NRT,292.29,11.66,D
56.79013,-5.71101,326.8,1.07,1.03,2023-04-20,1329,Aqua,MODIS,85,6.1NRT,296.98,23.31,D
56.79819,-5.70384,321.36,1.08,1.04,2023-04-20,1329,Aqua,MODIS,81,6.1NRT,295.03,17.49,D
56.82124,-5.7499,321.72,1.07,1.03,2023-04-20,1331,Aqua,MODIS,69,6.1NRT,293.71,17.3,D
56.81916,-5.76692,320.85,1.07,1.03,2023-04-20,1331,Aqua,MODIS,38,6.1NRT,294.03,15.55,D
57.34484,-5.30859,305.85,1.11,1.05,2023-04-20,1331,Aqua,MODIS,62,6.1NRT,289.76,6.85,D
56.8013,-5.70612,306.8,1.67,1.27,2023-04-21,1157,Terra,MODIS,57,6.1NRT,293.36,11.7,D
56.79511,-5.67916,308.47,1.68,1.27,2023-04-21,1157,Terra,MODIS,65,6.1NRT,290.49,14.22,D
55.90962,-4.68631,331.51,1.96,1.37,2023-04-21,1157,Terra,MODIS,87,6.1NRT,289.31,83.91,D
55.90245,-4.65678,302.06,1.97,1.37,2023-04-21,1157,Terra,MODIS,50,6.1NRT,288.86,12.99,D
54.92457,-7.07574,300.48,1.69,1.28,2023-04-21,1157,Terra,MODIS,38,6.1NRT,287.78,9.04,D
55.91722,-4.68759,301.53,1.93,1.36,2023-04-21,1234,Aqua,MODIS,36,6.1NRT,289.44,12.32,D
56.79751,-5.70678,310.05,1.97,1.37,2023-04-21,1234,Aqua,MODIS,38,6.1NRT,294.24,19.79,D
56.80709,-5.68469,305.55,1.96,1.37,2023-04-21,1234,Aqua,MODIS,62,6.1NRT,291.65,13.71,D
56.80032,-5.71174,309.43,1.97,1.37,2023-04-21,1234,Aqua,MODIS,65,6.1NRT,294.06,20.16,D
57.27443,-5.26634,300.85,1.82,1.32,2023-04-21,1234,Aqua,MODIS,42,6.1NRT,290.22,9.62,D
57.27953,-5.27566,300.41,1.82,1.32,2023-04-21,1234,Aqua,MODIS,32,6.1NRT,289.78,8.29,D
51.56714,-3.76949,304.15,1.09,1.04,2023-04-21,2129,Terra,MODIS,59,6.1NRT,277.96,11.71,N
55.99954,-4.37576,305.82,1.1,1.05,2023-04-22,1100,Terra,MODIS,62,6.1NRT,289.01,7.58,D
56.82019,-5.68176,315.28,1.23,1.1,2023-04-22,1100,Terra,MODIS,59,6.1NRT,292.6,15.9,D
56.81967,-5.68804,314.34,1.23,1.1,2023-04-22,1100,Terra,MODIS,67,6.1NRT,292.21,14.55,D
56.00112,-4.38262,324.59,1,1,2023-04-22,1316,Aqua,MODIS,83,6.1NRT,289.5,21.72,D
55.99886,-4.39824,349.4,1,1,2023-04-22,1316,Aqua,MODIS,96,6.1NRT,291.6,60.6,D
56.58897,-4.51557,300.08,1,1,2023-04-22,1316,Aqua,MODIS,13,6.1NRT,288.08,3.09,D
56.81908,-5.6885,312.79,1,1,2023-04-22,1316,Aqua,MODIS,73,6.1NRT,291.11,10.43,D
51.56419,-3.76677,308.66,1.32,1.14,2023-04-25,1125,Terra,MODIS,0,6.1NRT,291.27,12.09,D
53.56931,-0.6159,321.84,1.44,1.19,2023-04-26,1026,Terra,MODIS,77,6.1NRT,291.8,30.9,D
53.56734,-0.5943,308,1.44,1.19,2023-04-26,1026,Terra,MODIS,41,6.1NRT,285.69,11.74,D
53.57006,-0.59449,300.7,1.01,1,2023-04-28,2123,Terra,MODIS,32,6.1NRT,278.07,8.22,N
53.59,-1.95525,318.39,1.29,1.13,2023-05-03,1249,Aqua,MODIS,48,6.1NRT,277.79,20.56,D
53.58638,-1.9736,386.69,1.29,1.13,2023-05-03,1249,Aqua,MODIS,100,6.1NRT,286.65,263.08,D
53.58261,-1.99273,337.88,1.29,1.13,2023-05-03,1249,Aqua,MODIS,81,6.1NRT,282.56,54.5,D
53.59604,-1.97893,320.34,1.29,1.13,2023-05-03,1249,Aqua,MODIS,76,6.1NRT,276.76,24.23,D
53.14952,-0.41716,319.48,1.58,1.24,2023-05-05,1234,Aqua,MODIS,79,6.1NRT,292.22,30.32,D
53.5711,-0.6223,304.14,1.45,1.19,2023-05-07,2059,Terra,MODIS,59,6.1NRT,277.18,15.47,N
51.58065,-3.77787,314.58,1.07,1.03,2023-05-11,1051,Terra,MODIS,27,6.1NRT,293.31,8.99,D
51.57254,-3.7715,316.8,1.07,1.03,2023-05-11,1051,Terra,MODIS,53,6.1NRT,294.7,15.09,D
51.56775,-3.76975,300.56,1.02,1.01,2023-05-13,2146,Terra,MODIS,16,6.1NRT,281.83,6.37,N
53.56561,-0.59482,306.82,1.02,1.01,2023-05-15,2129,Terra,MODIS,69,6.1NRT,280.13,11.79,N
53.56787,-0.59442,304.01,1.01,1,2023-05-16,0232,Aqua,MODIS,58,6.1NRT,277.99,10.31,N
51.56255,-3.76814,312.38,1.34,1.15,2023-05-16,1344,Aqua,MODIS,0,6.1NRT,293.98,15.44,D
53.5644,-0.60088,307.08,1.41,1.18,2023-05-20,1026,Terra,MODIS,22,6.1NRT,294.19,8.69,D
51.57296,-3.77292,315.78,1.86,1.33,2023-05-20,1028,Terra,MODIS,0,6.1NRT,298.6,27.55,D
53.5635,-0.60437,314.48,1.06,1.03,2023-05-20,1314,Aqua,MODIS,53,6.1NRT,300.34,9.9,D
53.56394,-0.59511,304.81,1.12,1.06,2023-05-20,2140,Terra,MODIS,62,6.1NRT,281.73,11.51,N
53.56625,-0.60533,316.32,1.14,1.07,2023-05-21,1108,Terra,MODIS,59,6.1NRT,298.46,13.75,D
52.73332,-2.71819,313.29,1.05,1.02,2023-05-21,1108,Terra,MODIS,27,6.1NRT,299,9.17,D
51.63882,-1.38092,305.04,1.07,1.03,2023-05-22,1301,Aqua,MODIS,55,6.1NRT,294,5.02,D
53.17518,-0.30113,304.58,1.01,1,2023-05-22,1301,Aqua,MODIS,41,6.1NRT,290.24,4.48,D
51.56618,-3.76321,306.95,1.12,1.05,2023-05-23,0232,Aqua,MODIS,70,6.1NRT,283.49,12.19,N
52.21218,-3.60831,305.62,1.61,1.25,2023-05-24,1134,Terra,MODIS,59,6.1NRT,294.59,7.73,D
53.56509,-0.59782,311.31,1.19,1.08,2023-05-25,1034,Terra,MODIS,44,6.1NRT,294.18,9.44,D
51.57116,-3.77163,304.7,1.03,1.01,2023-05-25,2146,Terra,MODIS,47,6.1NRT,284.5,8.7,N
53.56485,-0.60283,309.48,1.34,1.15,2023-05-26,1117,Terra,MODIS,20,6.1NRT,292.63,8.32,D
52.22763,-3.61432,315.44,1.13,1.06,2023-05-26,1117,Terra,MODIS,74,6.1NRT,295.65,11.62,D
52.22485,-3.5986,310.21,1.13,1.06,2023-05-26,1117,Terra,MODIS,67,6.1NRT,296.2,6.76,D
51.75683,-1.57918,301.9,2.04,1.39,2023-05-26,1234,Aqua,MODIS,22,6.1NRT,290.21,6.52,D
51.75816,-1.58404,302.34,2.04,1.39,2023-05-26,1234,Aqua,MODIS,40,6.1NRT,291.01,7.65,D
53.56799,-0.61539,312.18,1.74,1.29,2023-05-27,1019,Terra,MODIS,47,6.1NRT,299.48,16.34,D
51.27877,-0.68982,318.8,1.02,1.01,2023-05-27,1314,Aqua,MODIS,71,6.1NRT,300.25,12.47,D
51.92403,-3.22767,319.43,1.01,1,2023-05-27,1314,Aqua,MODIS,71,6.1NRT,299.95,13.28,D
51.57071,-3.76768,309.95,1,1,2023-05-28,0247,Aqua,MODIS,79,6.1NRT,285.9,11.79,N
56.79028,-3.56797,306.1,1.06,1.03,2023-05-28,1100,Terra,MODIS,61,6.1NRT,290.08,5.38,D
53.56324,-0.59395,314.33,1.01,1.01,2023-05-29,1301,Aqua,MODIS,69,6.1NRT,287.86,11.12,D
53.56091,-0.6088,309.45,1.01,1.01,2023-05-29,1301,Aqua,MODIS,36,6.1NRT,290.02,6.83,D
56.11825,-4.36848,304.34,1.11,1.05,2023-05-29,1301,Aqua,MODIS,45,6.1NRT,294.03,4.3,D
57.33939,-4.73697,309.56,1.08,1.04,2023-05-29,1301,Aqua,MODIS,65,6.1NRT,294.64,6.51,D
57.31655,-4.75539,352.59,1.18,1.08,2023-05-29,2114,Terra,MODIS,100,6.1NRT,283.84,89.53,N
57.31313,-4.77376,350.46,1.18,1.08,2023-05-29,2114,Terra,MODIS,100,6.1NRT,284.17,83.48,N
57.32906,-4.74307,306.24,1.18,1.08,2023-05-29,2114,Terra,MODIS,56,6.1NRT,280.04,11.97,N
57.32565,-4.76146,301.79,1.18,1.08,2023-05-29,2114,Terra,MODIS,26,6.1NRT,280.54,8.69,N
57.32214,-4.78032,329.72,1.18,1.08,2023-05-29,2114,Terra,MODIS,100,6.1NRT,282.89,39.23,N
57.31559,-4.77026,313.43,1.59,1.24,2023-05-30,1043,Terra,MODIS,66,6.1NRT,297.45,18.13,D
57.31351,-4.74388,328.99,1.58,1.24,2023-05-30,1043,Terra,MODIS,85,6.1NRT,293.06,49,D
57.30455,-4.77266,333.89,1.59,1.24,2023-05-30,1043,Terra,MODIS,88,6.1NRT,296.75,60.81,D
52.72289,-2.45022,309.71,1.14,1.06,2023-05-30,1045,Terra,MODIS,40,6.1NRT,292.89,7.58,D
52.72099,-2.43364,312.13,1.14,1.06,2023-05-30,1045,Terra,MODIS,64,6.1NRT,292.46,9.94,D
57.29518,-4.77189,352.99,3.41,1.74,2023-05-30,1206,Aqua,MODIS,97,6.1NRT,295.22,386.59,D
57.29052,-4.77473,343.31,3.41,1.74,2023-05-30,1206,Aqua,MODIS,92,6.1NRT,294.5,274.13,D
57.30328,-4.7918,316.69,3.41,1.74,2023-05-30,1206,Aqua,MODIS,63,6.1NRT,295.67,68.58,D
57.31024,-4.72342,320.82,3.39,1.74,2023-05-30,1206,Aqua,MODIS,48,6.1NRT,292.68,86.29,D
57.30573,-4.7266,324.92,3.39,1.74,2023-05-30,1206,Aqua,MODIS,78,6.1NRT,292.85,116.52,D
57.31293,-4.78862,315.92,3.13,1.68,2023-05-30,1219,Terra,MODIS,70,6.1NRT,295.09,56.53,D
57.30033,-4.74646,343.93,3.14,1.68,2023-05-30,1219,Terra,MODIS,93,6.1NRT,295.1,248.28,D
57.32589,-4.77475,307.23,3.13,1.68,2023-05-30,1219,Terra,MODIS,37,6.1NRT,295.47,25.66,D
57.31322,-4.73223,322.2,3.14,1.68,2023-05-30,1219,Terra,MODIS,80,6.1NRT,293.6,90.83,D
57.29397,-4.79877,320.27,1.42,1.18,2023-05-30,1344,Aqua,MODIS,57,6.1NRT,297.69,21.07,D
57.30655,-4.77888,377.8,1.42,1.18,2023-05-30,1344,Aqua,MODIS,100,6.1NRT,300.12,233.22,D
57.31013,-4.7846,326.88,1.42,1.18,2023-05-30,1344,Aqua,MODIS,44,6.1NRT,297.99,30.59,D
51.57881,-3.78017,310.79,1.85,1.33,2023-06-01,1026,Terra,MODIS,0,6.1NRT,299.73,16.16,D
51.57093,-3.76841,304.1,1,1,2023-06-01,2140,Terra,MODIS,58,6.1NRT,287.33,8.01,N
51.56674,-3.76161,302.79,1.13,1.06,2023-06-02,0300,Aqua,MODIS,51,6.1NRT,283.49,9.75,N
57.69954,-4.16216,309.4,1.03,1.01,2023-06-02,1106,Terra,MODIS,0,6.1NRT,293.48,7.85,D
51.5662,-3.77027,326.57,1.03,1.01,2023-06-02,1108,Terra,MODIS,63,6.1NRT,301.87,20.09,D
53.56892,-0.59986,312.32,1.15,1.07,2023-06-02,1108,Terra,MODIS,45,6.1NRT,298,10.67,D
52.73675,-2.71519,309.27,1.05,1.02,2023-06-02,1108,Terra,MODIS,52,6.1NRT,298.58,6.85,D
52.36486,-1.47587,303.73,1.13,1.06,2023-06-02,1108,Terra,MODIS,27,6.1NRT,292.51,4.03,D
51.74028,0.02013,304.31,1.77,1.3,2023-06-02,1232,Aqua,MODIS,53,6.1NRT,292.4,8.36,D
52.29824,-0.70275,301.06,1.83,1.32,2023-06-02,1232,Aqua,MODIS,17,6.1NRT,288.54,5.74,D
53.56348,-0.61598,303.93,4.08,1.87,2023-06-02,1412,Aqua,MODIS,40,6.1NRT,293.56,34.12,D
53.57224,-0.61378,308.08,2.14,1.42,2023-06-02,2042,Terra,MODIS,73,6.1NRT,281.2,36.43,N
51.56581,-3.7672,319.11,1.04,1.02,2023-06-03,1314,Aqua,MODIS,0,6.1NRT,307.43,11.26,D
53.56361,-0.59691,316.15,1.05,1.02,2023-06-03,1314,Aqua,MODIS,45,6.1NRT,298.55,10.65,D
51.56545,-3.77,320.94,1.06,1.03,2023-06-04,1051,Terra,MODIS,47,6.1NRT,303.96,14.6,D
56.02259,-4.26467,311.07,1.09,1.04,2023-06-06,2146,Terra,MODIS,82,6.1NRT,279.23,15.92,N
56.01346,-4.26131,318.18,1.09,1.04,2023-06-06,2146,Terra,MODIS,96,6.1NRT,279.69,22.47,N
51.56972,-3.76812,318.68,1.15,1.07,2023-06-07,1117,Terra,MODIS,35,6.1NRT,301.67,12.77,D
51.6121,0.2987,304.71,1.26,1.11,2023-06-07,1246,Aqua,MODIS,10,6.1NRT,292.28,4.04,D
56.0111,-4.24809,303.29,2.06,1.4,2023-06-07,2049,Terra,MODIS,54,6.1NRT,278.89,26.96,N
51.74866,-3.05029,304.18,3.39,1.74,2023-06-08,1157,Terra,MODIS,58,6.1NRT,290.64,26.31,D
51.75211,-3.05288,303,3.39,1.74,2023-06-08,1157,Terra,MODIS,54,6.1NRT,290.68,23.75,D
51.56628,-3.76442,318.27,1.02,1.01,2023-06-08,1329,Aqua,MODIS,0,6.1NRT,305.51,9.45,D
51.56997,-3.76932,309.37,1.07,1.03,2023-06-08,2129,Terra,MODIS,77,6.1NRT,289.98,11.24,N
53.77516,-2.38472,304.28,1.12,1.06,2023-06-09,0300,Aqua,MODIS,59,6.1NRT,280.73,11.31,N
51.39666,-1.23446,310.05,1.05,1.02,2023-06-09,1100,Terra,MODIS,58,6.1NRT,298.82,6.08,D
53.56659,-0.59616,311.38,1.03,1.02,2023-06-09,1100,Terra,MODIS,49,6.1NRT,286.69,9.96,D
53.09868,0.17657,303.74,1.08,1.04,2023-06-09,1100,Terra,MODIS,43,6.1NRT,291.46,4.49,D
51.71659,-3.58466,301.43,1.72,1.29,2023-06-09,2210,Terra,MODIS,41,6.1NRT,285.35,13.78,N
56.01142,-4.26532,320.82,1,1,2023-06-10,1314,Aqua,MODIS,66,6.1NRT,296.1,14.06,D
53.57147,-0.61487,300.1,1.06,1.03,2023-06-10,2114,Terra,MODIS,16,6.1NRT,285.9,5.62,N
51.56979,-3.76633,311.7,1,1,2023-06-11,0245,Aqua,MODIS,83,6.1NRT,287.09,12.49,N
52.72474,-2.43489,317.34,1.14,1.06,2023-06-11,1045,Terra,MODIS,48,6.1NRT,297.28,10.9,D
51.71681,-3.58015,338.87,1.28,1.12,2023-06-13,1342,Aqua,MODIS,89,6.1NRT,301.25,49.93,D
51.57092,-3.76996,303.71,1,1,2023-06-13,2138,Terra,MODIS,45,6.1NRT,290.74,4.9,N
51.61494,-3.5944,308.86,1,1,2023-06-13,2138,Terra,MODIS,76,6.1NRT,290.49,9.19,N
51.6129,-3.60838,300.77,1,1,2023-06-13,2138,Terra,MODIS,33,6.1NRT,289.9,4.12,N
51.72119,-3.56657,303.92,1,1,2023-06-13,2138,Terra,MODIS,58,6.1NRT,288.96,6.72,N
51.71916,-3.58055,304.99,1,1,2023-06-13,2138,Terra,MODIS,62,6.1NRT,288.1,7.26,N
52.82554,-0.71287,317.02,1.1,1.05,2023-06-13,2138,Terra,MODIS,94,6.1NRT,285.02,20.59,N
52.82368,-0.7288,335.46,1.1,1.05,2023-06-13,2138,Terra,MODIS,100,6.1NRT,285.43,45.08,N
53.56626,-0.59223,303.35,1.13,1.06,2023-06-13,2138,Terra,MODIS,55,6.1NRT,285.9,9.08,N
53.85526,-1.8953,312.19,1.06,1.03,2023-06-13,2140,Terra,MODIS,84,6.1NRT,286.14,14.05,N
52.82095,-0.71139,302.91,1.82,1.32,2023-06-14,0313,Aqua,MODIS,52,6.1NRT,281.01,21.48,N
52.63244,-2.13323,315.03,1.08,1.04,2023-06-14,1106,Terra,MODIS,51,6.1NRT,302.52,8.28,D
51.71974,-3.2511,321.74,1.05,1.02,2023-06-14,1108,Terra,MODIS,75,6.1NRT,303.63,13.72,D
51.71664,-3.57773,313.77,1.03,1.02,2023-06-14,1108,Terra,MODIS,57,6.1NRT,300.94,7.77,D
51.71428,-3.56319,333.89,1.03,1.02,2023-06-14,1108,Terra,MODIS,86,6.1NRT,301.36,30.55,D
51.14906,-2.98994,314.74,1.07,1.03,2023-06-14,1108,Terra,MODIS,40,6.1NRT,303.77,5.21,D
51.71952,-3.25434,326.07,1.79,1.31,2023-06-14,1244,Aqua,MODIS,81,6.1NRT,303.28,41.87,D
51.71355,-3.55792,314.39,1.85,1.33,2023-06-14,1244,Aqua,MODIS,49,6.1NRT,299.51,17.58,D
51.70792,-3.58259,314.26,1.86,1.33,2023-06-14,1244,Aqua,MODIS,59,6.1NRT,298.85,18.95,D
51.7073,-3.55881,315.4,1.85,1.33,2023-06-14,1244,Aqua,MODIS,67,6.1NRT,299.15,20.35,D
53.56689,-0.61612,317.94,1.25,1.11,2023-06-14,1246,Aqua,MODIS,43,6.1NRT,306.71,12.58,D
56.86508,-5.04101,308.84,1.49,1.2,2023-06-14,1246,Aqua,MODIS,46,6.1NRT,296.28,8.01,D
53.57337,-0.61628,314,2.17,1.43,2023-06-15,1009,Terra,MODIS,51,6.1NRT,300.07,21.79,D
52.58529,-1.12425,317.89,2.24,1.45,2023-06-15,1009,Terra,MODIS,60,6.1NRT,300.26,33.22,D
52.58715,-1.13111,316.76,2.24,1.45,2023-06-15,1009,Terra,MODIS,64,6.1NRT,299.8,33.04,D
55.03432,-6.11713,307.42,1.56,1.23,2023-06-15,1147,Terra,MODIS,29,6.1NRT,296.21,8.21,D
56.87674,-5.02803,308.72,1.52,1.22,2023-06-15,1147,Terra,MODIS,55,6.1NRT,297.15,8.64,D
55.03314,-6.12457,315.11,1.56,1.23,2023-06-15,1147,Terra,MODIS,69,6.1NRT,296.03,20.57,D
53.56454,-0.60032,325.88,1.28,1.12,2023-06-15,1327,Aqua,MODIS,72,6.1NRT,302.61,23.56,D
55.17443,-4.19699,325.7,1.06,1.03,2023-06-15,1329,Aqua,MODIS,80,6.1NRT,298.49,19.46,D
55.17241,-4.21329,322.64,1.06,1.03,2023-06-15,1329,Aqua,MODIS,77,6.1NRT,302.1,16.06,D
55.02798,-6.12865,330.19,1,1,2023-06-15,1329,Aqua,MODIS,84,6.1NRT,299.85,25.22,D
53.56989,-0.61088,321.34,1,1,2023-06-15,2123,Terra,MODIS,100,6.1NRT,288.06,20.78,N
54.77935,-3.97451,300.59,1.1,1.05,2023-06-15,2123,Terra,MODIS,30,6.1NRT,285.62,6.76,N
53.57023,-0.59659,303.58,1.26,1.12,2023-06-16,0258,Aqua,MODIS,56,6.1NRT,284.06,12.21,N
55.3512,-4.5008,309.05,2.2,1.44,2023-06-16,1232,Aqua,MODIS,36,6.1NRT,294.51,19.25,D
57.08092,-5.03063,300.4,1.43,1.18,2023-06-16,2203,Terra,MODIS,22,6.1NRT,285.08,11.69,N
51.57281,-3.7672,315.92,1.14,1.07,2023-06-19,1117,Terra,MODIS,25,6.1NRT,300.64,10.4,D
51.56615,-3.76189,313.74,1.37,1.16,2023-06-19,1259,Aqua,MODIS,23,6.1NRT,298.03,13.65,D
53.39394,-1.39011,312.78,1,1,2023-06-20,2129,Terra,MODIS,86,6.1NRT,285.86,13.62,N
51.56578,-3.76934,321.98,1,1,2023-06-21,1100,Terra,MODIS,54,6.1NRT,300.31,13.62,D
53.68363,-2.90594,308.21,1.91,1.35,2023-06-22,1138,Terra,MODIS,49,6.1NRT,293.82,10.38,D
51.57561,-3.7761,318.59,1.01,1,2023-06-22,1327,Aqua,MODIS,39,6.1NRT,303.37,8.98,D
53.57208,-0.60393,308.03,1.07,1.03,2023-06-22,2114,Terra,MODIS,71,6.1NRT,286.91,10,N
53.56952,-0.61935,315.56,1.07,1.03,2023-06-22,2114,Terra,MODIS,91,6.1NRT,286.97,16.14,N
53.57839,-0.62356,303.81,1.07,1.03,2023-06-22,2114,Terra,MODIS,16,6.1NRT,286.97,6.64,N
53.56511,-0.59259,305.73,1.44,1.19,2023-06-24,2057,Terra,MODIS,65,6.1NRT,290.3,12.11,N
51.56627,-3.77029,306.84,1,1,2023-06-25,2138,Terra,MODIS,35,6.1NRT,288.24,8.2,N
51.57498,-3.77365,305.15,1,1,2023-06-25,2138,Terra,MODIS,44,6.1NRT,287.52,7.41,N
51.56459,-3.76519,316.79,1.03,1.01,2023-06-26,1106,Terra,MODIS,0,6.1NRT,290.03,13,D
53.56786,-0.59452,303.95,1.21,1.1,2023-06-29,2104,Terra,MODIS,58,6.1NRT,285.59,10.83,N
55.75633,-2.00193,300.34,1.1,1.04,2023-07-01,1115,Terra,MODIS,25,6.1NRT,289.77,3.17,D
51.56642,-3.76567,305.81,1.01,1.01,2023-07-02,0243,Aqua,MODIS,66,6.1NRT,285.01,9.96,N
53.39952,-1.39116,301.06,1,1,2023-07-02,2129,Terra,MODIS,37,6.1NRT,282.93,6.84,N
53.68848,-2.86235,311.83,1.9,1.35,2023-07-04,1138,Terra,MODIS,51,6.1NRT,291.06,25.04,D
53.56858,-0.59837,304.74,1.58,1.24,2023-07-05,2153,Terra,MODIS,61,6.1NRT,283.43,18.66,N
51.56415,-3.76642,317.62,1,1,2023-07-06,1325,Aqua,MODIS,0,6.1NRT,300.86,11.64,D
53.56985,-0.60993,312.53,1.18,1.08,2023-07-07,0256,Aqua,MODIS,85,6.1NRT,283.76,17.83,N
53.56666,-0.59296,300.69,1.18,1.08,2023-07-07,0256,Aqua,MODIS,32,6.1NRT,283.93,8.21,N
51.569,-3.75333,314.31,1.87,1.34,2023-07-07,1024,Terra,MODIS,0,6.1NRT,298.01,21.33,D
51.7079,-3.1049,312.3,1,1,2023-07-07,2138,Terra,MODIS,85,6.1NRT,287.69,12.29,N
51.70591,-3.11893,317.52,1,1,2023-07-07,2138,Terra,MODIS,95,6.1NRT,288.23,16.58,N
51.71065,-3.10475,313.46,2.91,1.63,2023-07-08,0336,Aqua,MODIS,87,6.1NRT,279.78,67.4,N
51.70861,-3.1105,311.09,2.91,1.63,2023-07-08,0336,Aqua,MODIS,82,6.1NRT,279.83,59.52,N
53.57251,-0.61248,303.81,1.01,1,2023-07-09,0241,Aqua,MODIS,57,6.1NRT,283.54,7.72,N
51.5703,-3.77108,310.4,1.24,1.11,2023-07-09,2118,Terra,MODIS,80,6.1NRT,286.29,17.31,N
53.56348,-0.59042,300.19,1,1,2023-07-09,2121,Terra,MODIS,19,6.1NRT,284.91,5.32,N
53.56129,-0.60509,300.46,1,1,2023-07-09,2121,Terra,MODIS,26,6.1NRT,284.84,5.49,N
53.56999,-0.60881,311.6,1,1,2023-07-09,2121,Terra,MODIS,83,6.1NRT,286.71,12.16,N
53.56837,-0.60252,300.44,1.29,1.13,2023-07-12,2144,Terra,MODIS,27,6.1NRT,284.07,8.76,N
52.712,-2.41954,309.3,1.03,1.01,2023-07-15,1310,Aqua,MODIS,65,6.1NRT,291.36,7.27,D
52.72113,-2.43741,309.52,1.16,1.07,2023-07-17,1043,Terra,MODIS,60,6.1NRT,293.92,8.91,D
54.97211,-2.10992,300.58,1.08,1.04,2023-07-20,1325,Aqua,MODIS,26,6.1NRT,286.04,3.09,D
51.57431,-3.77223,306.8,1.02,1.01,2023-07-24,2142,Terra,MODIS,69,6.1NRT,283.64,10.85,N
52.05695,0.06345,304.07,1.29,1.13,2023-07-24,2142,Terra,MODIS,58,6.1NRT,280.43,13.77,N
51.56549,-3.76918,314.81,1.02,1.01,2023-07-24,2142,Terra,MODIS,77,6.1NRT,284.79,15.34,N
53.56255,-0.63678,300.7,2.75,1.59,2023-07-27,2029,Terra,MODIS,32,6.1NRT,286.17,24.66,N
53.57257,-0.5993,306.4,2.74,1.58,2023-07-27,2029,Terra,MODIS,68,6.1NRT,286.17,39.01,N
50.82478,-1.20688,319.03,1.05,1.02,2023-07-29,1306,Aqua,MODIS,66,6.1NRT,297.79,12.41,D
50.82715,-1.19248,335.52,1.05,1.02,2023-07-29,1306,Aqua,MODIS,89,6.1NRT,298.23,33.21,D
51.59501,-1.71529,322.03,1.05,1.03,2023-07-29,1306,Aqua,MODIS,80,6.1NRT,296.06,16.91,D
51.60758,-1.74173,311.7,1.05,1.03,2023-07-29,1306,Aqua,MODIS,68,6.1NRT,295.73,8.11,D
51.77541,-1.41411,323.13,1.04,1.02,2023-07-29,1306,Aqua,MODIS,80,6.1NRT,295.59,18.56,D
51.71917,-1.92452,308.28,1.06,1.03,2023-07-29,1306,Aqua,MODIS,61,6.1NRT,294.04,5.59,D
52.70007,-2.57248,308.4,1.07,1.03,2023-07-29,1306,Aqua,MODIS,47,6.1NRT,294.23,5.14,D
52.72048,-2.56576,309.71,1.07,1.03,2023-07-29,1306,Aqua,MODIS,37,6.1NRT,295.25,5.91,D
52.73278,-2.71996,311.46,1.07,1.03,2023-07-29,1306,Aqua,MODIS,67,6.1NRT,298.89,7.57,D
51.72501,-1.91521,306.88,1.1,1.04,2023-08-01,1104,Terra,MODIS,56,6.1NRT,289.39,7.56,D
51.56861,-3.7694,300.01,1.07,1.03,2023-08-01,1333,Aqua,MODIS,0,6.1NRT,278.19,5.75,D
51.57623,-3.77539,300.91,1.27,1.12,2023-08-02,2116,Terra,MODIS,9,6.1NRT,284.97,8.42,N
51.56355,-3.76991,302.41,1,1,2023-08-04,0251,Aqua,MODIS,28,6.1NRT,285.13,6.62,N
51.57231,-3.76645,301.42,1,1,2023-08-04,0251,Aqua,MODIS,25,6.1NRT,285.24,6.39,N
51.56463,-3.76792,301.72,1.01,1.01,2023-08-05,2142,Terra,MODIS,44,6.1NRT,285,6.74,N
55.55992,-2.26173,347.58,1.21,1.09,2023-08-07,1251,Aqua,MODIS,94,6.1NRT,295.21,74.61,D
53.69465,-2.72189,302.68,1.17,1.08,2023-08-08,1333,Aqua,MODIS,33,6.1NRT,289.52,3.35,D
51.57005,-3.76734,322.67,1.16,1.07,2023-08-09,0304,Aqua,MODIS,100,6.1NRT,285.02,27.98,N
51.40644,0.83043,325.01,1.6,1.25,2023-08-09,1236,Aqua,MODIS,77,6.1NRT,295.08,35,D
51.40163,0.80839,325.85,1.61,1.25,2023-08-09,1236,Aqua,MODIS,82,6.1NRT,297.62,37.07,D
51.39973,0.82897,311.97,1.07,1.03,2023-08-09,2108,Terra,MODIS,84,6.1NRT,286.54,13.66,N
51.40869,0.82519,317.71,1.07,1.03,2023-08-09,2108,Terra,MODIS,96,6.1NRT,286.89,18.98,N
51.40842,0.83681,313.61,1.35,1.15,2023-08-10,0206,Aqua,MODIS,87,6.1NRT,284.83,22.83,N
51.40107,0.82936,316.77,1.35,1.15,2023-08-10,0206,Aqua,MODIS,94,6.1NRT,284.11,27.15,N
51.40393,0.81698,320.69,1,1,2023-08-10,1038,Terra,MODIS,57,6.1NRT,298.69,12.21,D
51.40192,0.83097,326.06,1,1,2023-08-10,1038,Terra,MODIS,61,6.1NRT,299.83,17.7,D
52.70753,0.04076,313.57,1.08,1.04,2023-08-10,1318,Aqua,MODIS,58,6.1NRT,298.17,5.93,D
51.81438,-4.92682,313.16,1.07,1.03,2023-08-10,1318,Aqua,MODIS,68,6.1NRT,295.27,10.09,D
51.39928,0.81438,318.13,1.09,1.04,2023-08-10,1318,Aqua,MODIS,69,6.1NRT,296.14,11.18,D
51.40112,0.8298,320.16,1.09,1.04,2023-08-10,1318,Aqua,MODIS,77,6.1NRT,296.89,13.29,D
51.40747,0.825,305.33,1.67,1.27,2023-08-10,2148,Terra,MODIS,64,6.1NRT,287.37,17.54,N
51.40918,0.82618,305.97,1.25,1.11,2023-08-11,0249,Aqua,MODIS,66,6.1NRT,286.64,12.42,N
53.40136,-1.40995,312.54,1.45,1.19,2023-08-11,1119,Terra,MODIS,62,6.1NRT,293,14.51,D
55.77028,-3.94391,300.33,1.08,1.04,2023-08-11,1119,Terra,MODIS,12,6.1NRT,288.36,2.45,D
51.75818,0.4497,311.91,1.02,1.01,2023-08-15,1047,Terra,MODIS,56,6.1NRT,297.22,7.13,D
51.57499,-3.76048,302.49,2.35,1.48,2023-08-17,0206,Aqua,MODIS,49,6.1NRT,287.41,23.08,N
50.91738,0.05442,312.73,1.05,1.02,2023-08-19,1301,Aqua,MODIS,70,6.1NRT,294.05,9.55,D
52.77656,-1.02006,307.85,1.06,1.03,2023-08-19,1301,Aqua,MODIS,58,6.1NRT,291.28,5.38,D
53.34362,-0.94665,307.93,1.04,1.02,2023-08-19,1304,Aqua,MODIS,63,6.1NRT,295.28,4.86,D
53.56311,-0.58831,308.27,1.02,1.01,2023-08-20,1053,Terra,MODIS,48,6.1NRT,293.97,5.57,D
51.54326,-1.44482,308.6,1.02,1.01,2023-08-20,1056,Terra,MODIS,39,6.1NRT,294.19,6.65,D
55.37677,-2.37967,310.27,1,1,2023-08-24,1316,Aqua,MODIS,61,6.1NRT,290.99,9.13,D
52.75633,0.91435,314.35,1.01,1,2023-08-26,1301,Aqua,MODIS,25,6.1NRT,291.61,10.89,D
55.97523,-2.44756,301.38,1.29,1.13,2023-08-28,2059,Terra,MODIS,41,6.1NRT,283.86,10.13,N
55.97152,-2.46669,308.62,1.29,1.13,2023-08-28,2059,Terra,MODIS,75,6.1NRT,283.43,16.66,N
54.33097,-2.74722,301.39,1.08,1.04,2023-08-29,1329,Aqua,MODIS,32,6.1NRT,290.43,3.68,D
53.5621,-0.59315,301.32,1.28,1.12,2023-08-30,1110,Terra,MODIS,34,6.1NRT,286.05,6.48,D
53.56619,-0.61289,308,2.29,1.47,2023-09-02,1134,Terra,MODIS,57,6.1NRT,294.31,16.05,D
53.55835,-0.58167,305.77,2.3,1.47,2023-09-02,1134,Terra,MODIS,41,6.1NRT,291.62,10.87,D
51.93363,0.39921,311.57,1.06,1.03,2023-09-02,1259,Aqua,MODIS,67,6.1NRT,291.05,7.3,D
52.74378,0.07361,309.7,1.06,1.03,2023-09-02,1259,Aqua,MODIS,62,6.1NRT,293.75,4.96,D
52.74125,0.0585,323.94,1.06,1.03,2023-09-02,1259,Aqua,MODIS,81,6.1NRT,294.83,18.54,D
52.92171,-0.09333,309.04,1.06,1.03,2023-09-02,1259,Aqua,MODIS,39,6.1NRT,293.63,5.25,D
52.91913,-0.10853,328.13,1.06,1.03,2023-09-02,1259,Aqua,MODIS,84,6.1NRT,293.66,24.66,D
52.97099,-0.35308,330.7,1.07,1.03,2023-09-02,1259,Aqua,MODIS,86,6.1NRT,294.65,26.38,D
52.96834,-0.36846,336.48,1.07,1.03,2023-09-02,1259,Aqua,MODIS,89,6.1NRT,296.34,35.7,D
52.96038,-0.41459,342.66,1.07,1.03,2023-09-02,1259,Aqua,MODIS,92,6.1NRT,297.1,48.11,D
52.97464,-0.38809,312.94,1.07,1.03,2023-09-02,1259,Aqua,MODIS,59,6.1NRT,296.9,7.35,D
53.13927,0.19078,307.77,1.04,1.02,2023-09-02,1259,Aqua,MODIS,56,6.1NRT,294.21,4.52,D
53.13759,-0.15775,316.22,1.06,1.03,2023-09-02,1259,Aqua,MODIS,73,6.1NRT,293.54,12.75,D
53.17023,-0.46006,325.43,1.07,1.03,2023-09-02,1259,Aqua,MODIS,82,6.1NRT,295.07,19.93,D
53.17653,-0.47976,313.56,1.07,1.03,2023-09-02,1259,Aqua,MODIS,69,6.1NRT,293.51,8.21,D
53.24054,-0.43412,323.32,1.07,1.03,2023-09-02,1259,Aqua,MODIS,81,6.1NRT,294.12,17.33,D
53.52732,-0.13646,317.21,1.05,1.02,2023-09-02,1259,Aqua,MODIS,75,6.1NRT,291.71,12.46,D
53.95047,-0.41913,310.23,1.05,1.02,2023-09-02,1259,Aqua,MODIS,50,6.1NRT,294.5,5.59,D
54.60053,-1.59077,311.65,1.09,1.04,2023-09-02,1259,Aqua,MODIS,70,6.1NRT,294.62,8.77,D
55.70626,-2.7127,307.47,1.15,1.07,2023-09-04,1117,Terra,MODIS,62,6.1NRT,295.81,6.88,D
53.1017,-2.46929,312.82,1.32,1.14,2023-09-04,1117,Terra,MODIS,65,6.1NRT,297.89,10.6,D
51.56379,-3.75925,310.23,1.28,1.12,2023-09-04,1119,Terra,MODIS,0,6.1NRT,299.65,7.66,D
53.56944,-0.58593,311,1.5,1.21,2023-09-05,1019,Terra,MODIS,53,6.1NRT,298.67,10.98,D
51.56684,-3.75605,306.97,1.99,1.38,2023-09-05,1021,Terra,MODIS,0,6.1NRT,293.75,13.19,D
53.56425,-0.59574,313.48,1.17,1.08,2023-09-05,1327,Aqua,MODIS,40,6.1NRT,301.52,7.26,D
51.96769,-0.90274,311.19,1.14,1.06,2023-09-06,1102,Terra,MODIS,57,6.1NRT,295.96,7.11,D
53.94912,-0.39766,311.27,1.1,1.05,2023-09-06,1102,Terra,MODIS,63,6.1NRT,295.86,6.1,D
53.73357,-1.01652,310.49,1.07,1.03,2023-09-06,1102,Terra,MODIS,61,6.1NRT,297.2,5.11,D
53.566,-0.59441,311.19,1.1,1.05,2023-09-06,1102,Terra,MODIS,47,6.1NRT,297.03,7.05,D
53.3289,-0.69393,310.94,1.1,1.05,2023-09-06,1102,Terra,MODIS,56,6.1NRT,298.22,5.2,D
53.34296,-0.94247,311.13,1.09,1.04,2023-09-06,1102,Terra,MODIS,60,6.1NRT,294.98,7.2,D
53.28443,-1.36679,313.47,1.07,1.03,2023-09-06,1102,Terra,MODIS,66,6.1NRT,298.28,8.39,D
53.28185,-1.35143,311.14,1.07,1.03,2023-09-06,1102,Terra,MODIS,61,6.1NRT,296.77,6.33,D
53.20867,-1.20334,307.43,1.08,1.04,2023-09-06,1102,Terra,MODIS,38,6.1NRT,295.57,4.55,D
53.20602,-1.18785,307.52,1.08,1.04,2023-09-06,1102,Terra,MODIS,39,6.1NRT,295.15,4.39,D
53.20821,-1.36949,309.01,1.07,1.03,2023-09-06,1102,Terra,MODIS,53,6.1NRT,295.53,5.08,D
53.17927,-1.20045,311.24,1.08,1.04,2023-09-06,1102,Terra,MODIS,61,6.1NRT,295.48,6.89,D
53.11515,-1.32053,309.39,1.07,1.03,2023-09-06,1102,Terra,MODIS,55,6.1NRT,295.62,5.67,D
53.01647,-1.23943,313.97,1.08,1.04,2023-09-06,1102,Terra,MODIS,67,6.1NRT,296.75,9.05,D
52.13379,-0.82991,310.62,1.14,1.06,2023-09-06,1102,Terra,MODIS,50,6.1NRT,297.81,5.84,D
52.13095,-0.81399,310.9,1.14,1.06,2023-09-06,1102,Terra,MODIS,35,6.1NRT,297.87,5.7,D
52.06042,-1.92795,312.42,1.07,1.03,2023-09-06,1102,Terra,MODIS,57,6.1NRT,297.2,6.2,D
52.0579,-1.91297,310.84,1.07,1.03,2023-09-06,1102,Terra,MODIS,43,6.1NRT,297.2,4.92,D
52.06869,-2.14812,312.83,1.06,1.03,2023-09-06,1102,Terra,MODIS,66,6.1NRT,296.23,7.03,D
51.18987,-1.36385,314.19,1.14,1.06,2023-09-06,1102,Terra,MODIS,64,6.1NRT,298.69,7.93,D
51.57901,-3.76786,312.3,1.01,1,2023-09-06,1102,Terra,MODIS,42,6.1NRT,295.27,7.96,D
50.84883,-2.16546,311.96,1.09,1.04,2023-09-06,1102,Terra,MODIS,55,6.1NRT,297.86,5.68,D
50.88829,-1.82038,312.28,1.04,1.02,2023-09-07,1312,Aqua,MODIS,56,6.1NRT,299.86,6.68,D
51.50021,-1.80564,315.55,1.03,1.01,2023-09-07,1312,Aqua,MODIS,53,6.1NRT,303.7,6.13,D
57.57442,-1.83893,307.43,1.01,1.01,2023-09-07,1314,Aqua,MODIS,46,6.1NRT,293.1,5.86,D
53.39547,-1.37964,309.39,1.04,1.02,2023-09-07,2114,Terra,MODIS,77,6.1NRT,286.91,11.12,N
53.39305,-1.3947,306.09,1.04,1.02,2023-09-07,2114,Terra,MODIS,67,6.1NRT,286.16,8.8,N
53.40268,-1.38924,311.81,1.04,1.02,2023-09-07,2114,Terra,MODIS,83,6.1NRT,285.84,13.21,N
53.56506,-0.59924,317.63,1.01,1.01,2023-09-07,2114,Terra,MODIS,95,6.1NRT,289.09,17.48,N
51.32622,1.13832,317.37,1.07,1.03,2023-09-09,1257,Aqua,MODIS,60,6.1NRT,299.81,8.65,D
51.32371,1.12351,335.83,1.07,1.03,2023-09-09,1257,Aqua,MODIS,87,6.1NRT,300.18,32.88,D
51.52037,0.31033,323.06,1.11,1.05,2023-09-09,1257,Aqua,MODIS,74,6.1NRT,302.96,11.32,D
51.61699,0.69506,316.33,1.09,1.04,2023-09-09,1257,Aqua,MODIS,54,6.1NRT,301.72,6.76,D
51.95223,0.56805,323.19,1.08,1.04,2023-09-09,1257,Aqua,MODIS,73,6.1NRT,300.91,13.86,D
52.13012,0.50727,320.82,1.08,1.04,2023-09-09,1257,Aqua,MODIS,69,6.1NRT,300.1,9.3,D
52.70725,0.19436,319.83,1.08,1.04,2023-09-09,1257,Aqua,MODIS,69,6.1NRT,300.45,10.2,D
53.01556,0.06347,314.11,1.08,1.04,2023-09-09,1257,Aqua,MODIS,57,6.1NRT,298.84,5.55,D
53.5277,-0.13669,326.73,1.07,1.03,2023-09-09,1257,Aqua,MODIS,81,6.1NRT,289.47,22.83,D
53.39829,-1.39456,316.22,1.16,1.07,2023-09-09,1257,Aqua,MODIS,65,6.1NRT,295.91,11.68,D
51.57328,-3.76928,301.32,1.34,1.15,2023-09-10,0228,Aqua,MODIS,25,6.1NRT,284.27,9.29,N
51.56386,-3.76594,300.44,1.12,1.05,2023-09-12,2121,Terra,MODIS,27,6.1NRT,286.24,7.27,N
51.57148,-3.7666,304.85,1.02,1.01,2023-09-13,0256,Aqua,MODIS,62,6.1NRT,285.8,8.67,N
51.5671,-3.76815,310.97,1.01,1.01,2023-09-13,1053,Terra,MODIS,37,6.1NRT,294.64,7.93,D
50.75525,-1.76112,310.35,1.07,1.03,2023-09-14,1308,Aqua,MODIS,50,6.1NRT,292.76,8.28,D
50.79531,-2.41199,308.1,1.11,1.05,2023-09-14,1308,Aqua,MODIS,56,6.1NRT,294.69,5.69,D
51.7993,0.84849,309.38,1,1,2023-09-14,1308,Aqua,MODIS,38,6.1NRT,295.04,5.19,D
51.57356,-3.77337,300.11,1.07,1.03,2023-09-15,0238,Aqua,MODIS,17,6.1NRT,280.37,6.51,N
52.92892,0.57641,306.29,1.09,1.04,2023-09-16,1255,Aqua,MODIS,58,6.1NRT,293.52,4.72,D
50.68393,-1.48008,302.32,1.1,1.04,2023-09-21,1306,Aqua,MODIS,46,6.1NRT,287.53,5.28,D
50.86081,-1.88018,300.68,1.12,1.05,2023-09-21,1306,Aqua,MODIS,23,6.1NRT,288.57,4.51,D
51.04591,-1.84283,308.31,1.11,1.05,2023-09-21,1306,Aqua,MODIS,67,6.1NRT,290.37,9.56,D
54.78303,-3.31118,306.45,1.07,1.03,2023-09-21,1308,Aqua,MODIS,64,6.1NRT,286.6,9.22,D
54.78027,-3.32723,339.79,1.07,1.03,2023-09-21,1308,Aqua,MODIS,92,6.1NRT,288.16,49.5,D
52.44645,1.67066,303.23,1.08,1.04,2023-09-23,1251,Aqua,MODIS,55,6.1NRT,290.9,5.33,D
52.74959,1.35437,307.76,1.08,1.04,2023-09-23,1253,Aqua,MODIS,66,6.1NRT,291.52,8.08,D
52.79301,1.394,304.26,1.08,1.04,2023-09-23,1253,Aqua,MODIS,55,6.1NRT,290.63,5.81,D
55.60063,-2.09978,301.55,1.02,1.01,2023-09-25,1049,Terra,MODIS,29,6.1NRT,288.08,4.21,D
52.75515,0.19296,301.33,1.04,1.02,2023-09-25,1051,Terra,MODIS,46,6.1NRT,285.01,4.22,D
52.28272,0.32005,305.51,1.06,1.03,2023-09-25,1051,Terra,MODIS,60,6.1NRT,289.54,6.16,D
51.97253,0.3725,301.6,1.07,1.03,2023-09-25,1051,Terra,MODIS,25,6.1NRT,288.72,3.13,D
51.35406,0.79395,308.9,1.12,1.05,2023-09-25,1051,Terra,MODIS,0,6.1NRT,295.68,6.59,D
51.57246,-3.75821,301.71,1.85,1.33,2023-09-26,1132,Terra,MODIS,0,6.1NRT,287.85,11.09,D
53.39371,-1.38703,301.52,2.07,1.4,2023-09-26,1132,Terra,MODIS,39,6.1NRT,287.67,11.77,D
51.56125,-3.76456,300.85,1.85,1.33,2023-09-26,1132,Terra,MODIS,0,6.1NRT,288.55,9.13,D
51.86753,0.0346,312.63,1.05,1.02,2023-09-26,1318,Aqua,MODIS,73,6.1NRT,294.66,9.62,D
53.63396,-0.24258,306.54,1.07,1.03,2023-09-26,1321,Aqua,MODIS,64,6.1NRT,291.21,7.35,D
51.10633,0.98994,305.38,1.58,1.24,2023-09-27,2144,Terra,MODIS,64,6.1NRT,286.03,16.84,N
51.10814,1.01219,303.96,1.58,1.24,2023-09-27,2144,Terra,MODIS,58,6.1NRT,286.16,15.25,N
56.91247,-2.80033,312.98,1.2,1.09,2023-10-03,1121,Terra,MODIS,73,6.1NRT,284.62,18.2,D
53.39959,-1.38866,301.69,1.66,1.27,2023-10-03,1121,Terra,MODIS,48,6.1NRT,285.46,12.45,D
56.91145,-2.79354,307.97,1.01,1,2023-10-03,1318,Aqua,MODIS,66,6.1NRT,282.23,11.15,D
51.55891,-3.76228,301.69,1.8,1.31,2023-10-08,1130,Terra,MODIS,0,6.1NRT,283.76,10.15,D
53.21599,-0.13097,304.4,1.09,1.04,2023-10-09,1032,Terra,MODIS,59,6.1NRT,290.83,4.96,D
53.74374,-1.23998,300.92,1.03,1.01,2023-10-12,1058,Terra,MODIS,43,6.1NRT,285.96,5.57,D
56.53275,-3.8034,301.24,1.29,1.13,2023-10-13,1342,Aqua,MODIS,45,6.1NRT,281.74,10.8,D
56.90128,-2.78896,303.06,1.42,1.18,2023-10-13,1342,Aqua,MODIS,52,6.1NRT,276.39,14.36,D
51.57141,-3.76582,306.22,1.27,1.12,2023-10-14,0313,Aqua,MODIS,67,6.1NRT,281.01,15.6,N
51.56717,-3.76986,303.11,1.19,1.09,2023-10-14,2150,Terra,MODIS,53,6.1NRT,278.73,13.06,N
52.95876,-0.09019,308.09,1.23,1.1,2023-10-29,1102,Terra,MODIS,66,6.1NRT,284.95,13.01,D
52.9526,-0.11241,315.51,1.23,1.1,2023-10-29,1102,Terra,MODIS,76,6.1NRT,284.18,20.72,D
52.94933,-0.09505,347.95,1.23,1.1,2023-10-29,1102,Terra,MODIS,95,6.1NRT,285.6,80.86,D
52.95766,-0.10552,316.26,2.12,1.42,2023-10-29,2034,Terra,MODIS,93,6.1NRT,278.55,55.94,N
52.9569,-0.09831,314.97,2.12,1.42,2023-10-29,2034,Terra,MODIS,90,6.1NRT,278.47,52.8,N
52.96147,-0.09107,305.18,1.07,1.03,2023-10-30,0249,Aqua,MODIS,63,6.1NRT,272.51,11.79,N
51.56406,-3.76998,320.02,1.14,1.06,2023-11-03,1108,Terra,MODIS,0,6.1NRT,278.18,24.2,D
51.96068,0.22054,302.09,1.11,1.05,2023-11-05,1051,Terra,MODIS,51,6.1NRT,282.08,8.42,D
51.56834,-3.76584,304.55,1,1,2023-11-05,1051,Terra,MODIS,38,6.1NRT,285.46,7.55,D
53.56006,-0.59618,303.32,1.01,1,2023-11-05,1316,Aqua,MODIS,56,6.1NRT,283.54,7.87,D
51.57883,-3.77171,300.44,1.02,1.01,2023-11-06,0247,Aqua,MODIS,27,6.1NRT,279.52,7.66,N
52.09201,-1.14648,302.27,1.05,1.02,2023-11-11,2112,Terra,MODIS,48,6.1NRT,268.45,11.12,N
51.56811,-3.76609,302.64,1.43,1.18,2023-11-15,0230,Aqua,MODIS,50,6.1NRT,280.38,15.4,N
51.57469,-3.77656,300.61,1.1,1.05,2023-11-15,1106,Terra,MODIS,30,6.1NRT,283.14,7.06,D
53.40051,-1.3825,307.41,1,1,2023-11-17,1049,Terra,MODIS,65,6.1NRT,279.88,11.23,D
